2025-09-15T10:06:04.861Z,DELETE,/booking/2291,131.69999998807907,201
2025-09-15T10:21:37.816Z,DELETE,/booking/602,156.5999999642372,201
DELETE,/booking/4613,393.39999997615814,201
DELETE,/booking/574,143.80000001192093,201
DELETE,/booking/5364,141,201
DELETE,/booking/620,131,201
DELETE,/booking/876,137.69999998807907,201
DELETE,/booking/2088,153,201
DELETE,/booking/4788,132.0999999642372,201
DELETE,/booking/837,132.10000002384186,201
DELETE,/booking/2514,133.5,201
DELETE,/booking/4638,139.10000002384186,201
