{
  "$schema": "http://json-schema.org/draft-07/schema#",
  "type": "object",
  "required": [
    "firstname",
    "lastname",
    "totalprice",
    "depositpaid",
    "bookingdates"
  ],
  "properties": {
    "firstname": { "type": "string", "minLength": 1 },
    "lastname": { "type": "string", "minLength": 1 },
    "totalprice": { "type": "number" },
    "depositpaid": { "type": "boolean" },
    "additionalneeds": { "type": ["string", "null"] },
    "bookingdates": {
      "type": "object",
      "required": ["checkin", "checkout"],
      "properties": {
        "checkin": { "type": "string", "format": "date" },
        "checkout": { "type": "string", "format": "date" }
      }
    }
  },
  "additionalProperties": true
}
